from,to,count
UnderwaterRobotSystem,nav_core,25
UnderwaterRobotSystem,(root),75
UnderwaterRobotSystem,sys,37
UnderwaterRobotSystem,shared,46
UnderwaterRobotSystem,gateway,51
UnderwaterRobotSystem,proto_gcs,9
UnderwaterRobotSystem,arpa,4
UnderwaterRobotSystem,netinet,3
UnderwaterRobotSystem,control_core,44
UnderwaterRobotSystem,platform,11
UnderwaterRobotSystem,yaml-cpp,6
UnderwaterRobotSystem,controllers,10
UnderwaterRobotSystem,io,33
UnderwaterRobotSystem,utils,14
UnderwaterRobotSystem,Eigen,2
